conversationId,discussionId,user_id,prompt_target_dok,turn,role,n_chars,student_dok,ai_socratic_question,ai_stepwise_guidance,ai_hint,ai_request_attempt,ai_request_evidence,ai_affirm_extend,ai_final_answer,ai_redirect,ai_recap,ai_closure,ai_other,st_asks_question,st_explains,st_argues_with_evidence,st_compares_evaluates,st_submits_work,st_requests_answer,st_requests_help,st_agrees_acknowledges,st_off_task,st_other
SYN-CONV-01,SYN-ACT-03,SYN-STU-01,3,1,ai,114,,1.0,0.0,0.0,1.0,0.0,0.0,0.0,0.0,0.0,0.0,0.0,,,,,,,,,,
SYN-CONV-01,SYN-ACT-03,SYN-STU-01,3,2,student,29,1.0,,,,,,,,,,,,0.0,1.0,0.0,0.0,0.0,0.0,0.0,0.0,0.0,0.0
SYN-CONV-01,SYN-ACT-03,SYN-STU-01,3,3,ai,67,,1.0,0.0,0.0,0.0,1.0,0.0,0.0,0.0,0.0,0.0,0.0,,,,,,,,,,
SYN-CONV-01,SYN-ACT-03,SYN-STU-01,3,4,student,108,2.0,,,,,,,,,,,,0.0,1.0,1.0,0.0,0.0,0.0,0.0,0.0,0.0,0.0
SYN-CONV-01,SYN-ACT-03,SYN-STU-01,3,5,ai,93,,1.0,0.0,0.0,0.0,0.0,1.0,0.0,0.0,0.0,0.0,0.0,,,,,,,,,,
SYN-CONV-01,SYN-ACT-03,SYN-STU-01,3,6,student,43,2.0,,,,,,,,,,,,0.0,1.0,0.0,0.0,0.0,0.0,0.0,0.0,0.0,0.0
SYN-CONV-01,SYN-ACT-03,SYN-STU-01,3,7,ai,63,,1.0,0.0,0.0,0.0,1.0,0.0,0.0,0.0,0.0,0.0,0.0,,,,,,,,,,
SYN-CONV-01,SYN-ACT-03,SYN-STU-01,3,8,student,277,3.0,,,,,,,,,,,,0.0,0.0,1.0,1.0,0.0,0.0,0.0,0.0,0.0,0.0
SYN-CONV-01,SYN-ACT-03,SYN-STU-01,3,9,ai,105,,1.0,0.0,0.0,0.0,0.0,1.0,0.0,0.0,0.0,0.0,0.0,,,,,,,,,,
SYN-CONV-01,SYN-ACT-03,SYN-STU-01,3,10,student,27,1.0,,,,,,,,,,,,0.0,1.0,0.0,0.0,0.0,0.0,0.0,0.0,0.0,0.0
SYN-CONV-01,SYN-ACT-03,SYN-STU-01,3,11,ai,54,,1.0,0.0,0.0,0.0,1.0,0.0,0.0,0.0,0.0,0.0,0.0,,,,,,,,,,
SYN-CONV-01,SYN-ACT-03,SYN-STU-01,3,12,student,57,2.0,,,,,,,,,,,,0.0,1.0,0.0,0.0,0.0,0.0,0.0,0.0,0.0,0.0
SYN-CONV-02,SYN-ACT-03,SYN-STU-02,3,1,ai,114,,1.0,0.0,0.0,1.0,0.0,0.0,0.0,0.0,0.0,0.0,0.0,,,,,,,,,,
SYN-CONV-02,SYN-ACT-03,SYN-STU-02,3,2,student,3,0.0,,,,,,,,,,,,0.0,0.0,0.0,0.0,0.0,0.0,0.0,0.0,0.0,1.0
SYN-CONV-02,SYN-ACT-03,SYN-STU-02,3,3,ai,101,,1.0,0.0,1.0,0.0,0.0,0.0,0.0,0.0,0.0,0.0,0.0,,,,,,,,,,
SYN-CONV-02,SYN-ACT-03,SYN-STU-02,3,4,student,32,1.0,,,,,,,,,,,,0.0,1.0,0.0,0.0,0.0,0.0,0.0,0.0,0.0,0.0
SYN-CONV-02,SYN-ACT-03,SYN-STU-02,3,5,ai,66,,1.0,0.0,0.0,0.0,0.0,1.0,0.0,0.0,0.0,0.0,0.0,,,,,,,,,,
SYN-CONV-02,SYN-ACT-03,SYN-STU-02,3,6,student,6,1.0,,,,,,,,,,,,0.0,1.0,0.0,0.0,0.0,0.0,0.0,0.0,0.0,0.0
SYN-CONV-02,SYN-ACT-03,SYN-STU-02,3,7,ai,61,,1.0,0.0,0.0,0.0,1.0,0.0,0.0,0.0,0.0,0.0,0.0,,,,,,,,,,
SYN-CONV-02,SYN-ACT-03,SYN-STU-02,3,8,student,34,0.0,,,,,,,,,,,,0.0,0.0,0.0,0.0,0.0,1.0,0.0,0.0,0.0,0.0
SYN-CONV-02,SYN-ACT-03,SYN-STU-02,3,9,ai,127,,1.0,0.0,1.0,0.0,0.0,0.0,0.0,1.0,0.0,0.0,0.0,,,,,,,,,,
SYN-CONV-02,SYN-ACT-03,SYN-STU-02,3,10,student,27,1.0,,,,,,,,,,,,0.0,1.0,0.0,0.0,0.0,0.0,0.0,0.0,0.0,0.0
SYN-CONV-02,SYN-ACT-03,SYN-STU-02,3,11,ai,84,,0.0,1.0,0.0,1.0,0.0,1.0,0.0,0.0,0.0,0.0,0.0,,,,,,,,,,
SYN-CONV-02,SYN-ACT-03,SYN-STU-02,3,12,student,79,2.0,,,,,,,,,,,,0.0,1.0,1.0,0.0,0.0,0.0,0.0,0.0,0.0,0.0
SYN-CONV-03,SYN-ACT-02,SYN-STU-03,2,1,ai,75,,0.0,1.0,0.0,1.0,0.0,0.0,0.0,0.0,0.0,0.0,0.0,,,,,,,,,,
SYN-CONV-03,SYN-ACT-02,SYN-STU-03,2,2,student,52,1.0,,,,,,,,,,,,0.0,1.0,0.0,0.0,0.0,0.0,0.0,0.0,0.0,0.0
SYN-CONV-03,SYN-ACT-02,SYN-STU-03,2,3,ai,95,,0.0,1.0,0.0,0.0,0.0,1.0,0.0,0.0,0.0,0.0,0.0,,,,,,,,,,
SYN-CONV-03,SYN-ACT-02,SYN-STU-03,2,4,student,65,2.0,,,,,,,,,,,,0.0,1.0,0.0,0.0,0.0,0.0,0.0,0.0,0.0,0.0
SYN-CONV-03,SYN-ACT-02,SYN-STU-03,2,5,ai,64,,1.0,1.0,0.0,0.0,0.0,1.0,0.0,0.0,0.0,0.0,0.0,,,,,,,,,,
SYN-CONV-03,SYN-ACT-02,SYN-STU-03,2,6,student,70,2.0,,,,,,,,,,,,0.0,1.0,0.0,0.0,0.0,0.0,0.0,0.0,0.0,0.0
SYN-CONV-03,SYN-ACT-02,SYN-STU-03,2,7,ai,100,,1.0,1.0,0.0,0.0,0.0,1.0,0.0,0.0,0.0,0.0,0.0,,,,,,,,,,
SYN-CONV-03,SYN-ACT-02,SYN-STU-03,2,8,student,107,2.0,,,,,,,,,,,,0.0,1.0,0.0,0.0,0.0,0.0,0.0,0.0,0.0,0.0
SYN-CONV-03,SYN-ACT-02,SYN-STU-03,2,9,ai,75,,0.0,1.0,0.0,1.0,0.0,0.0,0.0,0.0,1.0,0.0,0.0,,,,,,,,,,
SYN-CONV-03,SYN-ACT-02,SYN-STU-03,2,10,student,253,2.0,,,,,,,,,,,,0.0,1.0,0.0,0.0,1.0,0.0,0.0,0.0,0.0,0.0
SYN-CONV-03,SYN-ACT-02,SYN-STU-03,2,11,ai,78,,0.0,0.0,0.0,0.0,0.0,1.0,0.0,0.0,0.0,1.0,0.0,,,,,,,,,,
SYN-CONV-04,SYN-ACT-01,SYN-STU-04,2,1,ai,58,,1.0,0.0,0.0,0.0,0.0,0.0,0.0,0.0,0.0,0.0,0.0,,,,,,,,,,
SYN-CONV-04,SYN-ACT-01,SYN-STU-04,2,2,student,5,1.0,,,,,,,,,,,,0.0,1.0,0.0,0.0,0.0,0.0,0.0,0.0,0.0,0.0
SYN-CONV-04,SYN-ACT-01,SYN-STU-04,2,3,ai,59,,1.0,0.0,0.0,0.0,0.0,0.0,0.0,0.0,0.0,0.0,0.0,,,,,,,,,,
SYN-CONV-04,SYN-ACT-01,SYN-STU-04,2,4,student,30,0.0,,,,,,,,,,,,0.0,0.0,0.0,0.0,0.0,0.0,0.0,0.0,1.0,0.0
SYN-CONV-04,SYN-ACT-01,SYN-STU-04,2,5,ai,98,,1.0,0.0,0.0,0.0,0.0,0.0,0.0,1.0,0.0,0.0,0.0,,,,,,,,,,
SYN-CONV-04,SYN-ACT-01,SYN-STU-04,2,6,student,118,2.0,,,,,,,,,,,,0.0,1.0,0.0,1.0,0.0,0.0,0.0,0.0,0.0,0.0
SYN-CONV-04,SYN-ACT-01,SYN-STU-04,2,7,ai,82,,1.0,0.0,0.0,0.0,0.0,1.0,0.0,0.0,0.0,0.0,0.0,,,,,,,,,,
SYN-CONV-04,SYN-ACT-01,SYN-STU-04,2,8,student,23,1.0,,,,,,,,,,,,0.0,1.0,0.0,0.0,0.0,0.0,0.0,0.0,0.0,0.0
SYN-CONV-04,SYN-ACT-01,SYN-STU-04,2,9,ai,47,,0.0,0.0,0.0,0.0,0.0,0.0,0.0,0.0,0.0,1.0,1.0,,,,,,,,,,
